Snapshot_Date,Opportunity_ID,Opportunity_Stage,Opportunity_Type,Opportunity_Annual_Amount,Opportunity_Created_Date,Opportunity_Close_Date,Opportunity_Product,Account_Electronic_Medical_Record_System,Account_Hospital_Type,Account_Fiscal_Year_End,Account_State,Account_Zip_Code,Account_Number_of_Hospitals ,Account_Number_of_Beds,Account_Number_of_Affiliated_Physicians,Account_Number_of_Employee,Account_Cash_on_Hand,Account_Total_Patient_Revenue,Account_Net_Patient_Revenue,,year,Quarter,Opportunity_Annual_Amount,year ,Quarter ,Annaul_Amount ,Simple Average ,Seasonal Average ,Seasonal Naiive ,,,,,
11/1/19,0061K00000e2RhD,Closed Won,Existing Business,0,9/9/19,10/16/19,Privacy Monitoring,Epic,Critical Access Hospital,6/30/23,WY,83110,,22,64,216,13320226,94144693,66012939,,2019,4,0,2019,4,2994184.487,,,,,,,,
12/1/19,0064100000QeVGQ,Closed Won,New Business,242558.5057,5/29/18,11/22/19,Diversion Monitoring,Epic,Health System,,IN,46845,14,1353,2090,5722,16455439,7988592728,2324874996,,2019,4,242558.5057,2020,1,995334.2093,,,,,,,,
12/1/19,0061K00000eGZgs,Closed Won,Existing Business,21969.594,11/22/19,11/22/19,Privacy Monitoring,Epic,Health System,,IN,46845,14,1353,2090,495,16455439,7988592728,2324874996,,2019,4,21969.594,2020,2,1862939.27,,,,,,,Row Labels,Average of Annaul_Amount 
12/1/19,0061K00000e1d9Y,Closed Won,New Business,235463.7375,8/15/19,11/29/19,Privacy Monitoring,Cerner,Health System,,FL,33612,2,218,1208,2934,2751,5944507758,1668301083,,2019,4,235463.7375,2020,3,2558145.586,,,,,,,1,1306480.324
12/1/19,0061K00000chxwm,Closed Won,Existing Business,1102048.026,3/29/19,11/13/19,Privacy Monitoring,Epic,Health System,,WA,98057,57,10435,17985,60139,2277929272,67832876048,17761759973,,2019,4,1102048.026,2020,4,3344145.633,,,,,,,2,1883644.146
1/1/20,0064100000Lx969,Closed Won,New Business,293572.9467,2/7/18,12/5/19,Privacy Monitoring,Epic,Health System,,OH,45229,3,704,2892,13154,293360000,3824731465,2369523051,,2019,4,293572.9467,2021,1,1029201.957,,2083615.973,,,,,3,2083615.973
1/1/20,0064100000LSoYC,Closed Won,New Business,102792.3138,1/22/18,12/5/19,Diversion Monitoring,Epic,Health System,,OH,45229,3,704,2892,13154,293360000,3824731465,2369523051,,2019,4,102792.3138,2021,2,2286745.622,,,,,,,4,3870691.909
1/1/20,0061K00000ebU83,Closed Won,New Business,153072.2153,10/16/19,12/31/19,Privacy Monitoring,Epic,,,,,4,350,,,,,,,2019,4,153072.2153,2021,3,2069253.028,,,,,,,Grand Total,2299607.562
1/1/20,0061K00000dzu2P,Closed Won,Existing Business,29897.94564,7/23/19,12/16/19,Privacy Monitoring,Epic,Health System,,NY,14642,9,1536,4283,14144,1155958768,9074822125,3837123381,,2019,4,29897.94564,2021,4,3331021.688,,,,,,,,
1/1/20,0061K00000dWVof,Closed Won,New Business,87985.54674,5/31/19,12/19/19,Privacy Monitoring,Epic,Critical Access Hospital,4/30/23,OR,97850,,25,125,570,45826919,215035199,124974924,,2019,4,87985.54674,2022,1,1505008.133,,,,,,,,
1/1/20,0061K00000civRn,Closed Won,New Business,334277.307,4/10/19,12/5/19,Privacy Monitoring,Epic,Health System,,NC,27610,5,996,1599,5255,101306930,5952209886,1464938842,,2019,4,334277.307,2022,2,1398127.485,,,,,,,,
1/1/20,0061K00000ciDXZ,Closed Won,New Business,165928.5184,4/1/19,12/30/19,Diversion Monitoring,Epic,Health System,,IN,47710,16,1112,1531,5055,285210479,5734703241,1809686294,,2019,4,165928.5184,2022,3,1623449.305,,,,,,,,
1/1/20,0061K00000bI3DY,Closed Won,New Business,224617.8303,11/20/18,12/12/19,Privacy Monitoring,Epic,Childrens Hospital,8/31/23,IL,60611,,364,1675,,123858245,3091601985,1039410390,,2019,4,224617.8303,2022,4,5813415.827,,,,,,,,
2/1/20,0061K00000ciu3Z,Closed Won,New Business,360138.316,4/10/19,1/24/20,Privacy Monitoring,Meditech,Health System,,NY,12208,6,1618,2814,4881,176515778,6789685780,2019472782,,2020,1,360138.316,2023,1,1696376.996,,,,,,,,
2/1/20,0061K00000chmHF,Closed Won,New Business,199242.0931,3/27/19,1/14/20,Privacy Monitoring,Epic,Health System,,NC,27103,21,3484,5768,,129242669,18256067753,5340651111,,2020,1,199242.0931,2023,2,1986764.208,,,,,,,,
4/1/20,0061K00000e28Gw,Closed Won,New Business,163823.4817,8/29/19,3/31/20,Diversion Monitoring,Epic,Short Term Acute Care Hospital,12/31/23,IN,46202,1,314,693,4205,305096831,2639205040,562343277,,2020,1,163823.4817,2023,3,,2299607.562,2083615.973,1623449.305,,,,,
4/1/20,0061K00000dWIBf,Closed Won,New Business,195265.8765,5/29/19,3/26/20,Privacy Monitoring,Epic,Health System,,FL,33136,3,564,1759,4008,,10904781380,2290939882,,2020,1,195265.8765,2023,4,,2299607.562,3870691.909,5813415.827,,,,,
4/1/20,0061K00000ciDbC,Closed Won,Existing Business,76864.44204,4/1/19,3/4/20,Diversion Monitoring,Epic,Short Term Acute Care Hospital,6/30/23,IA,50010,,162,253,977,7358983,697080583,214543545,,2020,1,76864.44204,2024,1,,2299607.562,1306480.324,#N/A,,,,,
5/1/20,0064100000TKWAx,Closed Won,New Business,181947.3775,9/7/18,4/7/20,Privacy Monitoring,Epic,Health System,,HI,96813,4,602,1829,4443,-242188,3560498596,1340713496,,2020,2,181947.3775,2024,2,,2299607.562,1883644.146,#N/A,,,,,
5/1/20,0061K00000eGGpY,Closed Won,New Business,101247.7831,11/12/19,4/30/20,Diversion Monitoring,Epic,Health System,,OR,97123,1,113,319,909,20410737,766509597,260222652,,2020,2,101247.7831,2024,3,,2299607.562,2083615.973,1623449.305,,,,,
5/1/20,0061K00000e2I06,Closed Won,New Business,506502.0995,9/3/19,4/14/20,Privacy Monitoring,Epic,Health System,,SD,57105,36,2666,3258,15233,57999202,11686251089,4403933761,,2020,2,506502.0995,2024,4,,2299607.562,3870691.909,5813415.827,,,,,
5/1/20,0061K00000dWTOD,Closed Won,New Business,125826.3853,5/31/19,4/23/20,Privacy Monitoring,Epic,Short Term Acute Care Hospital,12/31/23,CO,80204,1,396,1149,5615,45859134,3465500663,1111358106,,2020,2,125826.3853,,,,,,,,,,,
5/1/20,0061K00000dVO5R,Closed Won,New Business,131944.2228,5/16/19,4/14/20,Diversion Monitoring,Cerner,Health System,,FL,33607,14,581,300,,85778,214503621,28171963,,2020,2,131944.2228,,,,,,,,,,,
5/1/20,0061K00000d0nfA,Closed Won,New Business,484789.9545,6/27/19,4/29/20,Privacy Monitoring,Epic,Health System,,NJ,8837,18,4438,6636,21787,34261748,21201628270,5673294538,,2020,2,484789.9545,,,,,Average ,1853532.639,,,,,
6/1/20,0061K00000eGXEf,Closed Won,New Business,99350.56476,11/21/19,5/7/20,Privacy Monitoring,Other,,,,,,,,,,,,,2020,2,99350.56476,,,,,,,,,,,
6/1/20,0061K00000dVrCx,Closed Won,New Business,231330.8826,5/23/19,5/28/20,Privacy Monitoring,Epic,Health System,,MA,2740,4,911,1182,4494,53954586,2671787001,896166485,,2020,2,231330.8826,,,,,,,,,,,
6/1/20,0061K00000d0Jx0,Closed Won,New Business,691200.2018,6/21/19,5/20/20,Diversion Monitoring,Cerner,Health System,,MO,63134,129,17701,26452,75127,182235955,90754228957,22843390899,,2020,2,691200.2018,,,,,,,,,,,
7/1/20,0061K00000ehVzO,Closed Won,New Business,50782.73148,1/30/20,6/4/20,Privacy Monitoring,Meditech,Critical Access Hospital,12/31/23,WA,98239,,25,268,559,15125604,251236797,98018287,,2020,2,50782.73148,,,,,,,,,,,
8/1/20,0061K00000fN8XY,Closed Won,New Business,130419.3161,5/19/20,7/10/20,Privacy Monitoring,Epic,Short Term Acute Care Hospital,6/30/23,MD,21742,,215,534,1551,20047000,454037833,381141581,,2020,3,130419.3161,,,,,,,,,,,
8/1/20,0061K00000ebJi8,Closed Won,New Business,422698.7394,10/10/19,7/7/20,Privacy Monitoring,Epic,Health System,,NY,14617,9,1239,2472,10823,102136961,6077117896,2275404141,,2020,3,422698.7394,,,,,,,,,,,
8/1/20,0061K00000dznzR,Closed Won,New Business,93338.1585,7/22/19,7/13/20,Diversion Monitoring,Cerner,Childrens Hospital,12/31/23,FL,33155,1,259,874,3518,90216591,2387879352,769283946,,2020,3,93338.1585,,,,,,,,,,,
8/1/20,0061K00000cPETF,Closed Won,Existing Business,94503.85434,5/2/19,7/23/20,Diversion Monitoring,Other,Health System,,PA,15601,,431,,2825,,,,,2020,3,94503.85434,,,,,,,,,,,
9/1/20,0061K00000ebLC9,Closed Won,New Business,174893.2162,10/11/19,8/6/20,Diversion Monitoring,Epic,Health System,,PA,19087,5,1179,2492,5487,52214388,8084533521,1617575570,,2020,3,174893.2162,,,,,,,,,,,
9/1/20,0061K00000dVO23,Closed Won,New Business,325782.6872,5/16/19,8/26/20,Diversion Monitoring,Epic,Health System,,CA,91761,45,6791,5731,23284,122614337,23886678379,4930349075,,2020,3,325782.6872,,,,,,,,,,,
10/1/20,0061K00000fLWgJ,Closed Won,New Business,139465.1734,4/6/20,9/23/20,Privacy Monitoring,Epic,Short Term Acute Care Hospital,6/30/23,CA,92868,24,379,1143,4605,,5277530139,1659711206,,2020,3,139465.1734,,,,,,,,,,,
10/1/20,0061K00000eghEN,Closed Won,New Business,76962.42594,1/22/20,9/16/20,Privacy Monitoring,Meditech,Short Term Acute Care Hospital,6/30/23,IN,46952,,108,239,700,38780794,558389583,195058285,,2020,3,76962.42594,,,,,,,,,,,
10/1/20,0061K00000dVvDu,Closed Won,New Business,583400.2991,5/24/19,9/30/20,Privacy Monitoring,Epic,Health System,,IA,50266,30,2774,4392,18369,221260556,11554486344,3628296107,,2020,3,583400.2991,,,,,,,,,,,
10/1/20,0061K00000cP8i8,Closed Won,New Business,376921.7213,5/1/19,9/15/20,Compliance Analytics,Epic,Short Term Acute Care Hospital,9/30/23,MA,2118,2,440,2841,5674,139653000,3156241243,1194338042,,2020,3,376921.7213,,,,,,,,,,,
10/1/20,0061K00000chhPZ,Closed Won,New Business,139759.9949,3/26/19,9/30/20,Privacy Monitoring,Epic,Health System,,MI,48912,6,575,1550,7600,35101721,4250111356,1201182470,,2020,3,139759.9949,,,,,,,,,,,
11/1/20,0061K00000fs7XG,Closed Won,Existing Business,19026,6/25/20,10/28/20,Privacy Monitoring,Epic,Health System,,NC,27610,5,996,1599,5634,101306930,5952209886,1464938842,,2020,4,19026,,,,,,,,,,,
12/1/20,0064100000A5oEP,Closed Won,Existing Business,385206.3484,4/1/17,11/17/20,Diversion Monitoring,Epic,Health System,,MD,21287,7,2240,6318,19693,379395162,7294463838,4674764286,,2020,4,385206.3484,,,,,,,,,,,
12/1/20,0061K00000fN0Bs,Closed Won,Existing Business,158200.9454,5/14/20,11/30/20,Privacy Monitoring,Epic,Health System,,IN,47710,16,1112,1531,5516,285210479,5734703241,1809686294,,2020,4,158200.9454,,,,,,,,,,,
1/1/21,0064100000TI5Vc,Closed Won,New Business,135545.2466,8/2/18,12/3/20,Privacy Monitoring,Epic,Health System,,PA,19140,7,978,1719,6338,293685873,16296058358,2353001741,,2020,4,135545.2466,,,,,,,,,,,
1/1/21,0064100000Om0iT,Closed Won,Existing Business,136051.3926,4/18/18,12/23/20,Diversion Monitoring,Epic,Health System,,MN,55425,9,997,3050,8718,127420659,6280704996,4316866622,,2020,4,136051.3926,,,,,,,,,,,
1/1/21,0061K00000fwBul,Closed Won,Existing Business,15818.76,10/9/20,12/1/20,Privacy Monitoring,Epic,Health System,,IN,46845,14,1353,2090,6615,16455439,7988592728,2324874996,,2020,4,15818.76,,,,,,,,,,,
1/1/21,0061K00000fudTc,Closed Won,New Business,76168.8243,8/21/20,12/22/20,Privacy Monitoring,Meditech,Short Term Acute Care Hospital,12/31/23,CA,91405,,333,163,1904,22920686,950775168,461998367,,2020,4,76168.8243,,,,,,,,,,,
1/1/21,0061K00000fL97r,Closed Won,New Business,525650.5726,3/20/20,12/22/20,Privacy Monitoring,Epic,Health System,,OH,44195,23,5202,13581,43256,368968127,39535837288,11601095157,,2020,4,525650.5726,,,,,,,,,,,
1/1/21,0061K00000ebigo,Closed Won,Existing Business,199354.2106,10/24/19,12/15/20,Privacy Monitoring,Cerner,Childrens Hospital,12/31/23,FL,33155,1,259,874,3029,90216591,2387879352,769283946,,2020,4,199354.2106,,,,,,,,,,,
1/1/21,0061K00000e2N1D,Closed Won,Existing Business,1191517.302,9/5/19,12/4/20,Privacy Monitoring,Epic,Health System,,WA,98057,57,10435,17985,60139,2277929272,67832876048,17761759973,,2020,4,1191517.302,,,,,,,,,,,
1/1/21,0061K00000e1eu6,Closed Won,New Business,254249.7381,8/15/19,12/31/20,Diversion Monitoring,Epic,Health System,,KS,66160,6,1225,2430,9375,331872975,12538530661,2697366076,,2020,4,254249.7381,,,,,,,,,,,
1/1/21,0061K00000dVpEj,Closed Won,New Business,165176.1488,5/22/19,12/30/20,Privacy Monitoring,Epic,Health System,,OR,97239,2,1105,2246,7228,200915173,5760939272,2304225671,,2020,4,165176.1488,,,,,,,,,,,
1/1/21,0061K00000cj6DO,Closed Won,Existing Business,82180.14336,4/12/19,12/30/20,Privacy Monitoring,Epic,Short Term Acute Care Hospital,12/31/23,MI,49098,3,26,36,175,25327286,132154422,49713202,,2020,4,82180.14336,,,,,,,,,,,
2/1/21,0061K00000fvBDU,Closed Won,New Business,151402.4935,9/9/20,1/20/21,Privacy Monitoring,Epic,Short Term Acute Care Hospital,12/31/23,VA,22205,,336,1648,2434,36074847,1986450178,624352108,,2021,1,151402.4935,,,,,,,,,,,
2/1/21,0061K00000eiCwr,Closed Won,New Business,395242.7537,2/17/20,1/20/21,Privacy Monitoring,Epic,Health System,,CA,94143,8,1569,2667,10610,4035475835,20906203178,5702637248,,2021,1,395242.7537,,,,,,,,,,,
3/1/21,0061K00000e0dHF,Closed Won,New Business,255206.4197,8/1/19,2/15/21,Privacy Monitoring,Epic,Childrens Hospital,6/30/23,PA,19104,2,627,2400,11481,150567193,7675757284,2499301794,,2021,1,255206.4197,,,,,,,,,,,
3/1/21,0061K00000dWTXo,Closed Won,New Business,119000.2914,5/31/19,2/5/21,Privacy Monitoring,Epic,Childrens Hospital,6/30/23,CA,92123,,401,1095,3261,60089600,3379930950,1455940995,,2021,1,119000.2914,,,,,,,,,,,
4/1/21,0061K00000h6TvR,Closed Won,Existing Business,,2/23/21,3/25/21,Privacy Monitoring,Epic,Health System,,IL,60611,12,2761,6676,16742,1515222918,26967920259,5680457016,,2021,1,,,,,,,,,,,,
4/1/21,0061K00000fORjJ,Closed Won,New Business,108349.9987,6/16/20,3/29/21,Privacy Monitoring,Epic,Health System,,IL,60606,158,19495,29401,2468,3415828273,1.32099E+11,29075511531,,2021,1,108349.9987,,,,,,,,,,,
5/1/21,0061K00000h68PS,Closed Won,Existing Business,140855.7838,2/9/21,4/30/21,Diversion Monitoring,Epic,Health System,,IN,46321,4,733,1152,4413,14311,4094676647,1059298669,,2021,2,140855.7838,,,,,,,,,,,
5/1/21,0061K00000gX3o3,Closed Won,New Business,84563.47602,1/12/21,4/9/21,Privacy Monitoring,Epic,Health System,,CO,80303,1,139,590,1985,4262155,2098780274,418345593,,2021,2,84563.47602,,,,,,,,,,,
5/1/21,0061K00000fNBCx,Closed Won,New Business,283363.2146,5/20/20,4/22/21,Privacy Monitoring,Cerner,Health System,,KY,40202,9,1221,1398,6238,58090746,6394061394,1855266541,,2021,2,283363.2146,,,,,,,,,,,
5/1/21,0061K00000dyYq6,Closed Won,New Business,459389.9455,7/12/19,4/8/21,Privacy Monitoring,Epic,Health System,,IN,46544,13,1447,2411,9848,315545183,11139593831,2720822922,,2021,2,459389.9455,,,,,,,,,,,
6/1/21,0061K00000h76vt,Closed Won,New Business,139495.0714,3/17/21,5/24/21,Privacy Monitoring,Other,,,,,,,,,,,,,2021,2,139495.0714,,,,,,,,,,,
6/1/21,0061K00000ehxZg,Closed Won,New Business,752885.9728,2/10/20,5/14/21,Privacy Monitoring,Epic,Health System,,OH,43202,19,2441,5167,16551,9064721,14469495458,4549852020,,2021,2,752885.9728,,,,,,,,,,,
6/1/21,0061K00000dWrEW,Closed Won,New Business,364514.5949,6/5/19,5/24/21,Privacy Monitoring,Epic,Health System,,WA,98683,10,1225,3159,9156,14632000,9114356378,3024833937,,2021,2,364514.5949,,,,,,,,,,,
7/1/21,0061K00000h968N,Closed Won,Existing Business,61677.56268,4/28/21,6/7/21,Privacy Monitoring,Cerner,Health System,,MT,59101,14,583,1091,5035,106449701,1808508011,1186051579,,2021,2,61677.56268,,,,,,,,,,,
8/1/21,0061K00000h6Vpm,Closed Won,New Business,143943.0784,2/24/21,7/23/21,Diversion Monitoring,Epic,Health System,,OH,44308,2,310,993,5492,218768510,2330943077,1040487478,,2021,3,143943.0784,,,,,,,,,,,
8/1/21,0061K00000fvOr4,Closed Won,Existing Business,91803.60288,9/16/20,7/19/21,Diversion Monitoring,Epic,Short Term Acute Care Hospital,12/31/23,VA,22205,,336,1648,2434,36074847,1986450178,624352108,,2021,3,91803.60288,,,,,,,,,,,
8/1/21,0061K00000fN2DE,Closed Won,Existing Business,143610.4496,5/15/20,7/15/21,Diversion Monitoring,Epic,Health System,,OR,97239,2,1105,2246,8128,200915173,5760939272,2304225671,,2021,3,143610.4496,,,,,,,,,,,
9/1/21,0061K00000huORh,Closed Won,Existing Business,149489.9728,6/3/21,8/19/21,Privacy Monitoring,Epic,Health System,,NY,14617,9,1239,2472,11093,102136961,6077117896,2275404141,,2021,3,149489.9728,,,,,,,,,,,
9/1/21,0061K00000h9Goe,Closed Won,New Business,252367.3328,5/4/21,8/20/21,Privacy Monitoring,Epic,Health System,,OH,45402,5,1395,1740,7172,96091244,7558292030,1681135334,,2021,3,252367.3328,,,,,,,,,,,
9/1/21,0061K00000h7x2F,Closed Won,New Business,142966.8,4/15/21,8/2/21,Privacy Monitoring,Epic,Short Term Acute Care Hospital,6/30/23,MD,21204,,82,1104,3010,135962000,752444663,551835781,,2021,3,142966.8,,,,,,,,,,,
9/1/21,0061K00000gWyMH,Closed Won,New Business,519057.9549,1/8/21,8/24/21,Privacy Monitoring,Other,,,,,,,,,,,,,2021,3,519057.9549,,,,,,,,,,,
10/1/21,0061K00000hx09e,Closed Won,Existing Business,54360,8/12/21,9/3/21,Diversion Monitoring,Epic,Health System,,AZ,85258,7,1416,2846,7263,16007,14244839513,2322208739,,2021,3,54360,,,,,,,,,,,
10/1/21,0061K00000hv60C,Closed Won,New Business,184659.0718,6/28/21,9/15/21,Diversion Monitoring,Epic,Health System,,TN,37604,21,1800,3068,8000,4668496,10474869803,2048672574,,2021,3,184659.0718,,,,,,,,,,,
10/1/21,0061K00000h7bIH,Closed Won,Existing Business,40317.1812,4/3/21,9/2/21,Diversion Monitoring,Meditech,Short Term Acute Care Hospital,6/30/23,TN,37067,2,187,388,1417,39884709,961073665,271402765,,2021,3,40317.1812,,,,,,,,,,,
10/1/21,0061K00000h6nNK,Closed Won,New Business,84390.39378,3/5/21,9/22/21,Diversion Monitoring,Epic,Health System,,CA,90048,4,1946,4809,14475,1035454755,33886347628,5347427793,,2021,3,84390.39378,,,,,,,,,,,
10/1/21,0061K00000ebKj2,Closed Won,New Business,262287.1903,10/11/19,9/10/21,Privacy Monitoring,Other,Health System,,CO,80021,,,,8687,,,,,2021,3,262287.1903,,,,,,,,,,,
11/1/21,0064100000QhXXx,Closed Won,New Business,187323.1195,6/26/18,10/29/21,Privacy Monitoring,Epic,Health System,,WI,53226,10,1259,2666,8197,20765609,10247959107,3881722370,,2021,4,187323.1195,,,,,,,,,,,
11/1/21,0061K00000hx08q,Closed Won,Existing Business,27747.00198,8/12/21,10/12/21,Diversion Monitoring,Meditech,Short Term Acute Care Hospital,12/31/23,GA,30286,,81,124,570,7868370,439127820,112733706,,2021,4,27747.00198,,,,,,,,,,,
11/1/21,0061K00000h6vBe,Closed Won,New Business,112343.1212,3/10/21,10/4/21,Diversion Monitoring,Other,Health System,,IL,62301,3,334,460,2406,75526417,2132234715,555516104,,2021,4,112343.1212,,,,,,,,,,,
11/1/21,0061K00000fuYDX,Closed Won,Existing Business,43998.52194,8/19/20,10/28/21,Diversion Monitoring,Epic,Critical Access Hospital,4/30/23,OR,97850,,25,125,513,45826919,215035199,124974924,,2021,4,43998.52194,,,,,,,,,,,
11/1/21,0061K00000fsf0F,Closed Won,New Business,177751.7912,7/9/20,10/15/21,Diversion Monitoring,Epic,Health System,,AR,72205,11,1731,1449,6155,-23847637,6773715959,1476492203,,2021,4,177751.7912,,,,,,,,,,,
12/1/21,0061K00000imvQ4,Closed Won,Existing Business,48924,10/1/21,11/9/21,Diversion Monitoring,Epic,Short Term Acute Care Hospital,6/30/23,CA,90292,4,103,156,588,32066092,919608852,154461928,,2021,4,48924,,,,,,,,,,,
12/1/21,0061K00000impgn,Closed Won,New Business,136033.2092,9/29/21,11/22/21,Privacy Monitoring,Epic,Health System,,CA,92103,5,960,2286,7778,28876884,10513956317,3049472458,,2021,4,136033.2092,,,,,,,,,,,
12/1/21,0061K00000hwuS9,Closed Won,New Business,65733.471,8/9/21,11/1/21,Privacy Monitoring,Other,,,,,,,,,,,,,2021,4,65733.471,,,,,,,,,,,
12/1/21,0061K00000h9FiM,Closed Won,New Business,103048.8658,5/3/21,11/9/21,Privacy Monitoring,Other,,,,,,,,,,,,,2021,4,103048.8658,,,,,,,,,,,
12/1/21,0061K00000eGslC,Closed Won,New Business,167190.975,12/2/19,11/11/21,Privacy Monitoring,Other,,,,,,,,1750,,,,,2021,4,167190.975,,,,,,,,,,,
1/1/22,0061K00000ip4YB,Closed Won,Existing Business,19026,11/8/21,12/8/21,Privacy Monitoring,Epic,Health System,,MA,2740,4,911,1182,4595,53954586,2671787001,896166485,,2021,4,19026,,,,,,,,,,,
1/1/22,0061K00000inI1W,Closed Won,New Business,59243.18598,10/12/21,12/28/21,Privacy Monitoring,Epic,Health System,,MT,59715,2,132,535,1574,8275178,769826807,410446489,,2021,4,59243.18598,,,,,,,,,,,
1/1/22,0061K00000hwpI8,Closed Won,New Business,305368.0067,8/5/21,12/29/21,Privacy Monitoring,Epic,Health System,,MO,64131,14,1051,2241,6374,306631765,8379181969,1871039178,,2021,4,305368.0067,,,,,,,,,,,
1/1/22,0061K00000huAfE,Closed Won,New Business,81540,5/27/21,12/29/21,Privacy Monitoring,Cerner,Health System,,SC,29440,4,267,438,1522,16026152,1364858789,386358507,,2021,4,81540,,,,,,,,,,,
1/1/22,0061K00000h7s3z,Closed Won,New Business,120823.7704,4/13/21,12/29/21,Privacy Monitoring,Other,Health System,,NY,10456,2,454,478,4110,136586428,1421783437,870350202,,2021,4,120823.7704,,,,,,,,,,,
1/1/22,0061K00000h7flk,Closed Won,New Business,105698.6712,4/6/21,12/21/21,Diversion Monitoring,Meditech,Short Term Acute Care Hospital,12/31/23,NY,12866,6,171,589,2365,81866415,1837931852,431925425,,2021,4,105698.6712,,,,,,,,,,,
1/1/22,0061K00000gX8Od,Closed Won,Existing Business,350076.3887,1/14/21,12/23/21,Diversion Monitoring,Epic,Health System,,CA,95833,28,4069,6767,19141,715226763,28982205399,8789905232,,2021,4,350076.3887,,,,,,,,,,,
1/1/22,0061K00000gWUMM,Closed Won,New Business,262531.0764,12/18/20,12/8/21,Diversion Monitoring,Epic,Health System,,IL,60637,5,1529,1951,9345,43502034,12412992152,2499718568,,2021,4,262531.0764,,,,,,,,,,,
1/1/22,0061K00000fvUFG,Closed Won,New Business,507359.9819,9/18/20,12/15/21,Privacy Monitoring,Epic,Health System,,MN,55454,12,1854,4749,14020,213262973,12156173466,3746109162,,2021,4,507359.9819,,,,,,,,,,,
1/1/22,0061K00000ftPos,Closed Won,New Business,265583.3904,7/29/20,12/28/21,Diversion Monitoring,Epic,Health System,,MA,1605,7,1014,2852,8133,51701936,8021146309,2354590889,,2021,4,265583.3904,,,,,,,,,,,
1/1/22,0061K00000eGQVC,Closed Won,New Business,98447.9985,11/18/19,12/1/21,Diversion Monitoring,Epic,Health System,,SC,29506,7,764,1167,4671,37730451,6003595117,1226821177,,2021,4,98447.9985,,,,,,,,,,,
1/1/22,0061K00000cj5si,Closed Won,New Business,85229.1414,4/12/19,12/2/21,Privacy Monitoring,Epic,Health System,,CA,94598,3,823,1460,3424,537503343,9200794477,1665833822,,2021,4,85229.1414,,,,,,,,,,,
2/1/22,0061K00000h9d9W,Closed Won,New Business,520921.8778,5/17/21,1/11/22,Compliance Analytics,Epic,Health System,,CA,92708,4,1196,2109,6550,2290187,9530609300,1862983590,,2022,1,520921.8778,,,,,,,,,,,
2/1/22,0061K00000h77t6,Closed Won,New Business,623938.0732,3/17/21,1/28/22,Privacy Monitoring,Epic,Health System,,MI,48202,6,1908,4375,21291,649709352,12649412559,4396273588,,2022,1,623938.0732,,,,,,,,,,,
2/1/22,0061K00000ebqb9,Closed Won,Existing Business,104941.2733,10/29/19,1/19/22,Diversion Monitoring,Epic,Short Term Acute Care Hospital,6/30/23,CA,91105,4,468,817,3181,14933226,4044522694,712980998,,2022,1,104941.2733,,,,,,,,,,,
3/1/22,0061K00000h7fl1,Closed Won,New Business,116310.7489,4/6/21,2/17/22,Diversion Monitoring,Other,Health System,,FL,33487,,161,,2431,,,,,2022,1,116310.7489,,,,,,,,,,,
4/1/22,0061K00000ipxxO,Closed Won,Existing Business,65064.24504,12/6/21,3/22/22,Diversion Monitoring,Cerner,Health System,,SC,29440,4,267,438,1282,16026152,1364858789,386358507,,2022,1,65064.24504,,,,,,,,,,,
4/1/22,0061K00000imu57,Closed Won,New Business,73831.91508,9/30/21,3/10/22,Privacy Monitoring,Other,,,,,,,,500,,,,,2022,1,73831.91508,,,,,,,,,,,
5/1/22,0061K00000gTwlS,Closed Won,Existing Business,81445.4136,10/14/20,4/29/22,Privacy Monitoring,Epic,Health System,,AR,72205,11,1731,1449,6025,-23847637,6773715959,1476492203,,2022,2,81445.4136,,,,,,,,,,,
6/1/22,0061K00000jVrjr,Closed Won,New Business,71665.07112,3/14/22,5/19/22,Diversion Monitoring,Other,Short Term Acute Care Hospital,6/30/23,IA,52245,37,211,313,5031,65759403,621373891,146760315,,2022,2,71665.07112,,,,,,,,,,,
6/1/22,0061K00000jSjIo,Closed Won,New Business,111808.5178,1/4/22,5/31/22,Privacy Monitoring,Other,,,,,,,,,,,,,2022,2,111808.5178,,,,,,,,,,,
6/1/22,0061K00000h9Jzz,Closed Won,New Business,223232.1939,5/5/21,5/5/22,Diversion Monitoring,Epic,Health System,,NY,11570,6,1724,2823,10540,13428000,11927474922,2587604508,,2022,2,223232.1939,,,,,,,,,,,
6/1/22,0061K00000h93g8,Closed Won,New Business,150404.4711,4/27/21,5/2/22,Privacy Monitoring,Epic,Short Term Acute Care Hospital,9/30/23,SC,29169,,541,940,5254,708669926,5448767524,1431532821,,2022,2,150404.4711,,,,,,,,,,,
6/1/22,0061K00000h7mOe,Closed Won,New Business,177461.4816,4/9/21,5/25/22,Diversion Monitoring,Epic,Health System,,NY,11213,3,771,695,6183,85048946,2914669083,1005589861,,2022,2,177461.4816,,,,,,,,,,,
6/1/22,0061K00000fvhNx,Closed Won,New Business,43779.6414,9/24/20,5/3/22,Privacy Monitoring,Other,,,,,,,,,,,,,2022,2,43779.6414,,,,,,,,,,,
6/1/22,0061K00000fLOEp,Closed Won,New Business,135900,3/31/20,5/10/22,Diversion Monitoring,Epic,Health System,,OH,43210,8,1582,2931,13971,1134282784,12338390802,3928206640,,2022,2,135900,,,,,,,,,,,
7/1/22,0061K00000k1E6n,Closed Won,New Business,78807.48588,4/29/22,6/6/22,Privacy Monitoring,Other,,,,,,,,,,,,,2022,2,78807.48588,,,,,,,,,,,
7/1/22,0061K00000ipB8D,Closed Won,New Business,86094.19926,11/10/21,6/7/22,Diversion Monitoring,Meditech,Health System,,MA,1440,2,135,262,848,1757448,421888161,165861750,,2022,2,86094.19926,,,,,,,,,,,
7/1/22,0061K00000in4ES,Closed Won,New Business,109986.8598,10/5/21,6/30/22,Diversion Monitoring,Epic,Health System,,WY,82001,2,233,395,1503,59543315,968775276,354143396,,2022,2,109986.8598,,,,,,,,,,,
7/1/22,0061K00000hwbcE,Closed Won,New Business,53411.79852,7/28/21,6/9/22,Diversion Monitoring,Meditech,Short Term Acute Care Hospital,10/31/23,LA,70634,,60,99,297,1045974,193549383,44216031,,2022,2,53411.79852,,,,,,,,,,,
7/1/22,0061K00000h7NUc,Closed Won,Existing Business,74130.35148,3/26/21,6/13/22,Diversion Monitoring,Epic,Health System,,CO,80303,1,139,590,1985,4262155,2098780274,418345593,,2022,2,74130.35148,,,,,,,,,,,
8/1/22,0061K00000k3UHX,Closed Won,Existing Business,,6/28/22,7/12/22,Privacy Monitoring,Epic,Health System,,IL,60611,12,2761,6676,16706,1515222918,26967920259,5680457016,,2022,3,,,,,,,,,,,,
8/1/22,0061K00000jUwsj,Closed Won,New Business,430091.5635,2/18/22,7/5/22,Privacy Monitoring,Other,,,,,,,,,,,,,2022,3,430091.5635,,,,,,,,,,,
8/1/22,0061K00000inmka,Closed Won,New Business,402607.7183,10/25/21,7/14/22,Diversion Monitoring,Epic,Health System,,CT,6103,10,1923,4987,14109,124393270,11873584191,3843687162,,2022,3,402607.7183,,,,,,,,,,,
8/1/22,0061K00000hv8MS,Closed Won,New Business,116842.5527,6/29/21,7/20/22,Diversion Monitoring,Epic,Health System,,AL,36607,5,751,1005,2983,16738191,2501585155,852661923,,2022,3,116842.5527,,,,,,,,,,,
9/1/22,0061K00000h7S7W,Closed Won,New Business,119944.0082,3/29/21,8/19/22,Diversion Monitoring,Cerner,Short Term Acute Care Hospital,12/31/23,TN,37920,,698,1517,4557,61791917,3974244082,1078155188,,2022,3,119944.0082,,,,,,,,,,,
9/1/22,0061K00000h7ra4,Closed Won,New Business,40202.3457,4/13/21,8/19/22,Privacy Monitoring,Other,,,,,,,,,,,,,2022,3,40202.3457,,,,,,,,,,,
9/1/22,0061K00000fOEzI,Closed Won,Existing Business,10872,6/9/20,8/30/22,Diversion Monitoring,Epic,Health System,,IN,47710,16,1112,1531,6517,285210479,5734703241,1809686294,,2022,3,10872,,,,,,,,,,,
10/1/22,0061K00000kZ2kV,Closed Won,Existing Business,27179.97282,8/16/22,9/1/22,Privacy Monitoring,Epic,Childrens Hospital,6/30/23,CA,92123,,401,1095,3413,60089600,3379930950,1455940995,,2022,3,27179.97282,,,,,,,,,,,
10/1/22,0061K00000jT3QJ,Closed Won,New Business,297401.603,1/14/22,9/20/22,Privacy Monitoring,Epic,Health System,,CA,92123,6,1680,2166,9113,66337716,15400166846,2964615943,,2022,3,297401.603,,,,,,,,,,,
10/1/22,0061K00000hv2em,Closed Won,Existing Business,108832.6611,6/25/21,9/22/22,Diversion Monitoring,Epic,Short Term Acute Care Hospital,6/30/23,MD,21204,,82,1104,3070,135962000,752444663,551835781,,2022,3,108832.6611,,,,,,,,,,,
10/1/22,0061K00000gUXG4,Closed Won,Existing Business,69474.87954,11/3/20,9/12/22,Diversion Monitoring,Epic,Childrens Hospital,9/30/23,CA,93636,,358,431,2455,19642503,2048124678,1010116243,,2022,3,69474.87954,,,,,,,,,,,
11/1/22,0061K00000k2LuJ,Closed Won,New Business,228807.5186,6/2/22,10/26/22,Privacy Monitoring,Epic,Health System,,SC,29601,18,2623,4593,11574,-968157293,14934342673,4015824147,,2022,4,228807.5186,,,,,,,,,,,
11/1/22,0061K00000k1KoK,Closed Won,Existing Business,348455.2104,5/3/22,10/11/22,Privacy Monitoring,Cerner,Health System,,IN,46202,17,2719,6496,17414,2257258264,22217983142,6091976954,,2022,4,348455.2104,,,,,,,,,,,
11/1/22,0061K00000jVZNm,Closed Won,New Business,90884.40246,3/7/22,10/17/22,Diversion Monitoring,Epic,Health System,,OR,97330,5,302,1255,3785,45943,2269286179,1068799387,,2022,4,90884.40246,,,,,,,,,,,
11/1/22,0061K00000jVKYh,Closed Won,New Business,206922.6175,3/1/22,10/21/22,Privacy Monitoring,Epic,Health System,,PA,19611,5,1201,2540,6586,18887926,7376031058,1633133668,,2022,4,206922.6175,,,,,,,,,,,
12/1/22,0061K00000kZKfN,Closed Won,New Business,86636.16846,8/23/22,11/30/22,Privacy Monitoring,Other,,,,,,,,,,,,,2022,4,86636.16846,,,,,,,,,,,
12/1/22,0061K00000kXrKu,Closed Won,New Business,65539.18836,7/20/22,11/1/22,Diversion Monitoring,Meditech,Short Term Acute Care Hospital,9/30/23,WV,25550,4,49,53,315,1696194,148006081,39869224,,2022,4,65539.18836,,,,,,,,,,,
12/1/22,0061K00000k3yHr,Closed Won,New Business,96532.488,7/8/22,11/22/22,Diversion Monitoring,Epic,Childrens Hospital,12/31/23,AL,35233,,351,556,4329,370946410,1736090757,839472839,,2022,4,96532.488,,,,,,,,,,,
12/1/22,0061K00000k22AT,Closed Won,New Business,115780.1953,5/24/22,11/29/22,Privacy Monitoring,Cerner,Health System,,TN,38401,3,305,409,2136,69030782,1460600399,365065858,,2022,4,115780.1953,,,,,,,,,,,
12/1/22,0061K00000htxKH,Closed Won,Existing Business,1971915.387,5/20/21,11/1/22,Privacy Monitoring,Cerner,Health System,,MO,63134,129,17701,26452,82479,182235955,90754228957,22843390899,,2022,4,1971915.387,,,,,,,,,,,
1/1/23,0061K00000ks60C,Closed Won,Existing Business,65775.6,11/22/22,12/1/22,Privacy Monitoring,Epic,Health System,,SC,29601,18,2623,4593,11574,-968157293,14934342673,4015824147,,2022,4,65775.6,,,,,,,,,,,
1/1/23,0061K00000kqPQz,Closed Won,New Business,208580.7605,10/18/22,12/12/22,Diversion Monitoring,Epic,Health System,,NE,68198,2,682,1875,7356,23342717,4660493585,1407672468,,2022,4,208580.7605,,,,,,,,,,,
1/1/23,0061K00000kqOxg,Closed Won,New Business,405827.0806,10/18/22,12/30/22,Privacy Monitoring,Meditech,Health System,,TX,75038,39,4919,6615,21446,187113168,32727554064,5932383589,,2022,4,405827.0806,,,,,,,,,,,
1/1/23,0061K00000k1LI9,Closed Won,New Business,358422.4426,5/3/22,12/22/22,Privacy Monitoring,Epic,Health System,,MN,55407,12,1978,5451,13570,187395,10497428933,3435770123,,2022,4,358422.4426,,,,,,,,,,,
1/1/23,0061K00000k0siL,Closed Won,Existing Business,211419.4126,4/19/22,12/12/22,Privacy Monitoring,Epic,Health System,,OR,97330,5,302,1255,3785,45943,2269286179,1068799387,,2022,4,211419.4126,,,,,,,,,,,
1/1/23,0061K00000jVkQJ,Closed Won,New Business,89411.328,3/10/22,12/28/22,Diversion Monitoring,Meditech,Health System,,CO,81101,2,66,165,636,13683793,278413638,113139524,,2022,4,89411.328,,,,,,,,,,,
1/1/23,0061K00000iqFKu,Closed Won,New Business,140959.8832,12/14/21,12/15/22,Diversion Monitoring,Cerner,Health System,,RI,2905,3,713,1264,4105,231425083,2140842642,866096556,,2022,4,140959.8832,,,,,,,,,,,
1/1/23,0061K00000hwyXo,Closed Won,New Business,119863.8,8/11/21,12/27/22,Privacy Monitoring,Other,,,,,,,,,,,,,2022,4,119863.8,,,,,,,,,,,
1/1/23,0061K00000hv28J,Closed Won,New Business,106941.7485,6/25/21,12/22/22,Diversion Monitoring,Cerner,Health System,,MN,55404,2,533,604,4117,28246510,2090194181,965543497,,2022,4,106941.7485,,,,,,,,,,,
1/1/23,0061K00000h7yvf,Closed Won,New Business,90005.26536,4/16/21,12/20/22,Diversion Monitoring,Meditech,Short Term Acute Care Hospital,6/30/23,HI,96720,9,166,210,1017,88816174,633614333,234207354,,2022,4,90005.26536,,,,,,,,,,,
1/1/23,0061K00000gUKj6,Closed Won,Existing Business,152902.3675,10/27/20,12/30/22,Privacy Monitoring,Epic,Health System,,CA,90048,4,1946,4809,14475,1035454755,33886347628,5347427793,,2022,4,152902.3675,,,,,,,,,,,
1/1/23,0061K00000fOaRh,Closed Won,New Business,268165.1099,6/19/20,12/30/22,Diversion Monitoring,Epic,Health System,,CA,93105,4,453,642,2912,59161968,2777401765,913755228,,2022,4,268165.1099,,,,,,,,,,,
1/1/23,0061K00000b3Qsm,Closed Won,New Business,383667.8517,3/7/19,12/2/22,Privacy Monitoring,Epic,Health System,,TN,38120,21,2708,3670,12464,160091963,13453250833,2802627571,,2022,4,383667.8517,,,,,,,,,,,
2/1/23,0061K00000k1d3r,Closed Won,New Business,141124.5668,5/11/22,1/18/23,Diversion Monitoring,Epic,Childrens Hospital,9/30/23,CT,6106,,187,554,1700,50336887,1081920159,416759823,,2023,1,141124.5668,,,,,,,,,,,
3/1/23,0061K00000kXvjS,Closed Won,New Business,154353.6436,7/21/22,2/27/23,Diversion Monitoring,Epic,Health System,,SC,29646,2,315,503,1769,25708439,1275976193,425613703,,2023,1,154353.6436,,,,,,,,,,,
3/1/23,0061K00000kpgFC,Closed Won,New Business,95637.8583,9/30/22,2/17/23,Diversion Monitoring,Epic,Short Term Acute Care Hospital,12/31/23,IL,60901,,256,328,1999,87368903,1430892387,389122696,,2023,1,95637.8583,,,,,,,,,,,
3/1/23,0061K00000hxcGf,Closed Won,New Business,113190.7567,9/1/21,2/28/23,Privacy Monitoring,Cerner,Health System,,NJ,8234,2,446,698,3241,13602974,3694121935,791350108,,2023,1,113190.7567,,,,,,,,,,,
4/1/23,0061K00000lQnLj,Closed Won,New Business,173762.9631,1/26/23,3/24/23,Diversion Monitoring,Epic,Health System,,OH,45219,2,546,822,3627,38008899,3155461160,891957700,,2023,1,173762.9631,,,,,,,,,,,
4/1/23,0061K00000lQmFq,Closed Won,Existing Business,,1/25/23,3/27/23,Privacy Monitoring,Epic,Health System,,PA,19087,5,1179,2492,6152,52214388,8084533521,1617575570,,2023,1,,,,,,,,,,,,
4/1/23,0061K00000lQDjm,Closed Won,New Business,87179.85,12/21/22,3/21/23,Diversion Monitoring,Cerner,Short Term Acute Care Hospital,6/30/23,CA,93306,,222,310,1956,78039008,1148661788,273749676,,2023,1,87179.85,,,,,,,,,,,
4/1/23,0061K00000ksUL4,Closed Won,New Business,172593,12/9/22,3/28/23,Compliance Analytics,Meditech,Health System,,OH,45750,3,219,498,2611,9311753,1780775223,565989855,,2023,1,172593,,,,,,,,,,,
4/1/23,0061K00000jVksz,Closed Won,Existing Business,252082.8398,3/10/22,3/15/23,Diversion Monitoring,Epic,Health System,,SD,57105,36,2666,3258,17873,57999202,11686251089,4403933761,,2023,1,252082.8398,,,,,,,,,,,
4/1/23,0061K00000jTAze,Closed Won,New Business,147907.9066,1/19/22,3/24/23,Privacy Monitoring,Cerner,Health System,,GA,30342,6,1726,3384,18354,554217939,22211079113,5155860725,,2023,1,147907.9066,,,,,,,,,,,
4/1/23,0061K00000ipJJr,Closed Won,New Business,204529.5,11/15/21,3/30/23,Privacy Monitoring,Epic,Health System,,NJ,8053,5,1328,1681,7390,17053021,12434163918,1889100630,,2023,1,204529.5,,,,,,,,,,,
4/1/23,0061K00000eHxr4,Closed Won,New Business,154014.111,1/16/20,3/31/23,Diversion Monitoring,Cerner,Childrens Hospital,6/30/23,CA,90027,,413,1014,5207,71715672,3552585478,1083587809,,2023,1,154014.111,,,,,,,,,,,
6/1/23,0061K00000lQE9R,Closed Won,New Business,190873.2895,12/22/22,5/9/23,Privacy Monitoring,Cerner,Health System,,TN,38104,6,1648,1512,8140,-10222230,7284602305,1794046405,,2023,2,190873.2895,,,,,,,,,,,
6/1/23,0061K00000ks4PF,Closed Won,New Business,111906.9365,11/21/22,5/9/23,Privacy Monitoring,Epic,Health System,,CA,94602,4,331,536,2873,66896584,3753329976,495885639,,2023,2,111906.9365,,,,,,,,,,,
6/1/23,0061K00000kreSu,Closed Won,New Business,124601.5458,11/9/22,5/10/23,Diversion Monitoring,Epic,Short Term Acute Care Hospital,12/31/23,AZ,85712,2,499,968,3248,-4849017,2895621339,747369603,,2023,2,124601.5458,,,,,,,,,,,
6/1/23,0061K00000kqck4,Closed Won,New Business,236943.4167,10/26/22,5/23/23,Privacy Monitoring,Epic,Health System,,KY,40223,10,2235,5166,12044,12270781,20522369412,3302416591,,2023,2,236943.4167,,,,,,,,,,,
6/1/23,0061K00000jV3Ou,Closed Won,New Business,426531.0922,2/22/22,5/24/23,Diversion Monitoring,Cerner,Health System,,PA,19406,181,21055,7653,45510,-45008465,71051699724,10342833445,,2023,2,426531.0922,,,,,,,,,,,
6/1/23,0061K00000gUdpW,Closed Won,New Business,106601.618,11/5/20,5/30/23,Privacy Monitoring,Other,,,,,,,,3425,,,,,2023,2,106601.618,,,,,,,,,,,
6/1/23,0061K00000c4njV,Closed Won,New Business,523803.9091,3/1/19,5/18/23,Diversion Monitoring,Epic,Health System,,MO,63141,43,4816,6663,23378,159205691,21188380117,6505253582,,2023,2,523803.9091,,,,,,,,,,,
7/1/23,0061K00000lTTWt,Closed Won,Existing Business,74004,5/30/23,6/12/23,Diversion Monitoring,Epic,Health System,,IL,60611,12,2761,6676,3154,1515222918,26967920259,5680457016,,2023,2,74004,,,,,,,,,,,
7/1/23,0061K00000lRY1U,Closed Won,Existing Business,47974.15,3/13/23,6/29/23,Diversion Monitoring,Epic,Health System,,NJ,8053,5,1328,1681,7521,17053021,12434163918,1889100630,,2023,2,47974.15,,,,,,,,,,,
7/1/23,0061K00000k1CB5,Closed Won,New Business,83384.94,4/28/22,6/27/23,Diversion Monitoring,Epic,Health System,,OH,45237,41,5906,10033,27533,464771524,42481735560,8826927870,,2023,2,83384.94,,,,,,,,,,,
7/1/23,0061K00000jWa9Q,Closed Won,Existing Business,60139.31,3/31/22,6/9/23,Privacy Monitoring,Cerner,Childrens Hospital,6/30/23,CA,90027,0,413,1014,5207,71715672,3552585478,1083587809,,2023,2,60139.31,,,,,,,,,,,
,,,,,,,,,,,,,,,,,,,,,2023,3,,,,,,,,,,,,